x,y,position,color,label
1.7257230230770726,-9.699,1,"(9, 92, 224, 1)",Conserved
1.634578713027397,-2.2960000000000003,2,"(9, 92, 224, 1)",Conserved
1.6693757226848773,-2.1799999999999997,3,"(9, 92, 224, 1)",Conserved
1.667455251456502,-3.36,4,"(9, 92, 224, 1)",Conserved
2.192322272532217,-5.823000000000001,5,"(9, 92, 224, 1)",Conserved
1.8274711581898153,-8.998,6,"(9, 92, 224, 1)",Conserved
1.894148389914406,-4.8020000000000005,7,"(9, 92, 224, 1)",Conserved
1.4836591913639183,-1.8250000000000002,8,"(9, 92, 224, 1)",Conserved
2.003735776880787,-6.8069999999999995,9,"(9, 92, 224, 1)",Conserved
4.997181336666934,-12.898,10,"(9, 92, 224, 1)",Conserved
1.922152895050591,-8.581999999999999,11,"(9, 92, 224, 1)",Conserved
1.6830977316425382,-3.0809999999999995,12,"(9, 92, 224, 1)",Conserved
1.5424684608009955,-0.41800000000000004,13,"(9, 92, 224, 1)",Conserved
1.5934336605230657,-2.7780000000000005,14,"(9, 92, 224, 1)",Conserved
2.150787020781549,-3.8900000000000006,15,"(9, 92, 224, 1)",Conserved
1.8254368518617714,-3.914,16,"(9, 92, 224, 1)",Conserved
2.71101271161827,-14.210000000000003,17,"(9, 92, 224, 1)",Conserved
1.858918155081279,-8.116,18,"(9, 92, 224, 1)",Conserved
1.9743151488284216,-12.032,19,"(9, 92, 224, 1)",Conserved
1.7141990191323553,-10.344000000000001,20,"(9, 92, 224, 1)",Conserved
1.8960287102242837,-4.867,21,"(9, 92, 224, 1)",Conserved
2.1008680154464776,-16.784,22,"(9, 92, 224, 1)",Conserved
1.6686124536032751,-4.753,23,"(9, 92, 224, 1)",Conserved
2.4706301240227164,-12.753000000000002,24,"(9, 92, 224, 1)",Conserved
1.5358314451769146,-2.314,25,"(9, 92, 224, 1)",Conserved
1.5136069334019755,-3.702,26,"(9, 92, 224, 1)",Conserved
1.9371655027869714,-8.331000000000001,27,"(9, 92, 224, 1)",Conserved
1.8623833516275283,-2.5820000000000003,28,"(9, 92, 224, 1)",Conserved
1.526108941017936,-1.4060000000000001,29,"(9, 92, 224, 1)",Conserved
3.656957276803572,-17.16,30,"(9, 92, 224, 1)",Conserved
1.7880678343317187,-1.2169999999999996,31,"(9, 92, 224, 1)",Conserved
2.11560700660049,-4.878,32,"(9, 92, 224, 1)",Conserved
3.0500179220568486,-7.356000000000001,33,"(9, 92, 224, 1)",Conserved
2.8274540516333926,-10.533000000000001,34,"(9, 92, 224, 1)",Conserved
5.233823350271732,-18.555000000000003,35,"(9, 92, 224, 1)",Conserved
3.5025474936605434,-21.823,36,"(9, 92, 224, 1)",Conserved
3.628875674880475,-18.048000000000002,37,"(9, 92, 224, 1)",Conserved
3.3582939377017027,-7.347999999999999,38,"(9, 92, 224, 1)",Conserved
1.9153014554375274,-5.944,39,"(9, 92, 224, 1)",Conserved
1.7230336915278883,-3.1409999999999996,40,"(9, 92, 224, 1)",Conserved
2.0039921892147587,-5.636,41,"(9, 92, 224, 1)",Conserved
1.4791707501036881,-1.2619999999999998,42,"(9, 92, 224, 1)",Conserved
1.4911193433397205,-1.197,43,"(9, 92, 224, 1)",Conserved
1.869188858967711,-8.421999999999999,44,"(9, 92, 224, 1)",Conserved
3.093584866551036,-13.58,45,"(9, 92, 224, 1)",Conserved
4.353598986710585,-9.611,46,"(9, 92, 224, 1)",Conserved
6.574567912511237,-10.154,47,"(9, 92, 224, 1)",Conserved
8.684606627944648,-22.096000000000004,48,"(9, 92, 224, 1)",Conserved
6.755145462969172,-11.209000000000001,49,"(9, 92, 224, 1)",Conserved
8.06978842367648,-17.63,50,"(9, 92, 224, 1)",Conserved
7.147294449965757,-14.091,51,"(9, 92, 224, 1)",Conserved
4.363343760694968,-9.193999999999999,52,"(9, 92, 224, 1)",Conserved
1.9937101705033504,-3.4760000000000004,53,"(9, 92, 224, 1)",Conserved
1.841965671138971,-10.861,54,"(9, 92, 224, 1)",Conserved
1.869130626379643,-6.325,55,"(9, 92, 224, 1)",Conserved
2.0746801270384023,-1.8439999999999999,56,"(9, 92, 224, 1)",Conserved
1.8014480833334623,-7.7940000000000005,57,"(9, 92, 224, 1)",Conserved
2.385230160503257,-13.439,58,"(9, 92, 224, 1)",Conserved
1.5231965907627028,-1.138,59,"(9, 92, 224, 1)",Conserved
2.075702607098236,-5.834,60,"(9, 92, 224, 1)",Conserved
4.522208640364698,-14.908,61,"(9, 92, 224, 1)",Conserved
1.950973905887006,-3.614,62,"(9, 92, 224, 1)",Conserved
3.2800931726752314,-15.915000000000003,63,"(9, 92, 224, 1)",Conserved
5.928998083913201,-25.159000000000002,64,"(9, 92, 224, 1)",Conserved
4.0516584275291825,3.135999999999998,65,"(9, 92, 224, 1)",Conserved
1.7895792855944903,2.8320000000000007,66,"(9, 92, 224, 1)",Conserved
2.4296831271702692,-9.294,67,"(9, 92, 224, 1)",Conserved
6.880693657799124,-18.605999999999998,68,"(9, 92, 224, 1)",Conserved
4.841158665088523,-13.939999999999998,69,"(9, 92, 224, 1)",Conserved
2.781580152109538,-13.429,70,"(9, 92, 224, 1)",Conserved
5.421306536682855,-12.865,71,"(9, 92, 224, 1)",Conserved
5.419844848252302,-2.1050000000000004,72,"(9, 92, 224, 1)",Conserved
6.759994490623922,-15.372999999999998,73,"(9, 92, 224, 1)",Conserved
6.6206037449605155,-18.900000000000002,74,"(9, 92, 224, 1)",Conserved
8.507533515095103,-17.272000000000002,75,"(9, 92, 224, 1)",Conserved
7.648919195900905,-20.776999999999997,76,"(9, 92, 224, 1)",Conserved
5.880516314015877,-14.725000000000001,77,"(9, 92, 224, 1)",Conserved
6.483053354184699,-14.920000000000002,78,"(9, 92, 224, 1)",Conserved
2.4530061149887565,-18.653,79,"(9, 92, 224, 1)",Conserved
3.6139326765791684,-7.267,80,"(9, 92, 224, 1)",Conserved
1.7485631875964647,-4.072,81,"(9, 92, 224, 1)",Conserved
1.9051246784047728,-5.296,82,"(9, 92, 224, 1)",Conserved
2.162105603184068,-5.239000000000001,83,"(9, 92, 224, 1)",Conserved
1.7437423848564073,-6.667,84,"(224, 138, 9, 1)",Mutated
2.338066950588102,-10.903000000000002,85,"(9, 92, 224, 1)",Conserved
1.8305031034305213,-7.288,86,"(224, 138, 9, 1)",Mutated
2.5010759871029653,-8.171000000000001,87,"(9, 92, 224, 1)",Conserved
1.5212258048142986,-0.7250000000000001,88,"(9, 92, 224, 1)",Conserved
1.6979578798273367,-4.545999999999999,89,"(9, 92, 224, 1)",Conserved
5.4323820071876385,-15.507000000000001,90,"(9, 92, 224, 1)",Conserved
2.4245382103931052,-7.625,91,"(9, 92, 224, 1)",Conserved
1.5609352155555298,-4.555999999999999,92,"(9, 92, 224, 1)",Conserved
2.3152075995222416,-17.61,93,"(9, 92, 224, 1)",Conserved
5.5634888334810055,-14.745000000000001,94,"(9, 92, 224, 1)",Conserved
1.9450714060025343,-9.738999999999999,95,"(9, 92, 224, 1)",Conserved
1.7353639788613389,-8.847,96,"(9, 92, 224, 1)",Conserved
4.699385920033288,-13.098999999999998,97,"(9, 92, 224, 1)",Conserved
2.6443647211937495,-17.227999999999998,98,"(9, 92, 224, 1)",Conserved
1.5340143652658147,-8.887,99,"(9, 92, 224, 1)",Conserved
1.999635512615032,-16.573999999999995,100,"(9, 92, 224, 1)",Conserved
5.497176547939894,-14.742,101,"(9, 92, 224, 1)",Conserved
2.142548535424999,-7.896000000000001,102,"(9, 92, 224, 1)",Conserved
1.601374005613868,-4.9399999999999995,103,"(9, 92, 224, 1)",Conserved
2.324332612515054,-11.475,104,"(9, 92, 224, 1)",Conserved
2.2810164492152354,-10.552,105,"(9, 92, 224, 1)",Conserved
1.5350422541612416,-2.706,106,"(9, 92, 224, 1)",Conserved
1.9676806770999196,-8.665999999999999,107,"(224, 138, 9, 1)",Mutated
1.6110370566775212,-0.8660000000000001,108,"(9, 92, 224, 1)",Conserved
1.5993183847566763,-5.4430000000000005,109,"(9, 92, 224, 1)",Conserved
1.8322315339815498,-5.305,110,"(9, 92, 224, 1)",Conserved
1.6979001288612519,-5.9159999999999995,111,"(9, 92, 224, 1)",Conserved
4.470838319557312,-17.122,112,"(9, 92, 224, 1)",Conserved
1.875764900763755,-8.025,113,"(9, 92, 224, 1)",Conserved
1.5905972072749273,-4.382999999999999,114,"(9, 92, 224, 1)",Conserved
2.0759807575485314,-14.138999999999998,115,"(9, 92, 224, 1)",Conserved
4.368693708920276,-15.197000000000001,116,"(9, 92, 224, 1)",Conserved
2.342266366215246,-12.202,117,"(9, 92, 224, 1)",Conserved
1.7663691552164493,-5.307,118,"(9, 92, 224, 1)",Conserved
1.5034383254128107,-3.3870000000000005,119,"(9, 92, 224, 1)",Conserved
2.2476133365178854,-11.125,120,"(9, 92, 224, 1)",Conserved
2.633407101812278,-13.873,121,"(9, 92, 224, 1)",Conserved
5.956813966724522,-9.48,122,"(9, 92, 224, 1)",Conserved
6.825744614775609,-16.668000000000003,123,"(9, 92, 224, 1)",Conserved
9.385554040143473,-16.927,124,"(9, 92, 224, 1)",Conserved
6.168235846254673,-6.055999999999999,125,"(9, 92, 224, 1)",Conserved
2.8093279449368205,-8.577999999999998,126,"(224, 138, 9, 1)",Mutated
2.312074664352276,-9.027000000000001,127,"(9, 92, 224, 1)",Conserved
2.8465578344765525,-11.681000000000001,128,"(9, 92, 224, 1)",Conserved
6.280838142126328,-7.035,129,"(9, 92, 224, 1)",Conserved
6.44933527100802,-4.4239999999999995,130,"(9, 92, 224, 1)",Conserved
5.2494639917751735,-6.766,131,"(9, 92, 224, 1)",Conserved
5.11218372303324,-9.629,132,"(224, 138, 9, 1)",Mutated
7.727837983858226,-10.139000000000001,133,"(9, 92, 224, 1)",Conserved
5.462145109667563,-17.618,134,"(9, 92, 224, 1)",Conserved
2.0785849375873546,-14.162,135,"(224, 138, 9, 1)",Mutated
3.675535667275333,-7.916,136,"(9, 92, 224, 1)",Conserved
4.815051199862696,-10.273,137,"(9, 92, 224, 1)",Conserved
1.990852661171597,-5.407,138,"(9, 92, 224, 1)",Conserved
1.7381266087020162,-4.404,139,"(9, 92, 224, 1)",Conserved
2.278373687187447,-8.164,140,"(9, 92, 224, 1)",Conserved
1.5808687519288482,-0.714,141,"(9, 92, 224, 1)",Conserved
1.613357171445186,-2.2809999999999997,142,"(9, 92, 224, 1)",Conserved
3.737318058679086,-15.613999999999999,143,"(9, 92, 224, 1)",Conserved
1.9227706921009913,-7.132,144,"(9, 92, 224, 1)",Conserved
4.507788642755002,-10.398000000000001,145,"(9, 92, 224, 1)",Conserved
7.406053312110916,-11.684,146,"(9, 92, 224, 1)",Conserved
9.664280440229641,-14.843,147,"(224, 138, 9, 1)",Mutated
8.295257029230045,-9.739,148,"(9, 92, 224, 1)",Conserved
4.543722713579394,-11.571,149,"(9, 92, 224, 1)",Conserved
2.589085143524886,-2.384,150,"(9, 92, 224, 1)",Conserved
5.673399646339944,-6.978,151,"(9, 92, 224, 1)",Conserved
2.4735026999041634,-11.442,152,"(9, 92, 224, 1)",Conserved
2.55632772217797,-8.355,153,"(9, 92, 224, 1)",Conserved
1.5366338099480894,-3.7620000000000005,154,"(9, 92, 224, 1)",Conserved
1.6425341553936577,-3.505,155,"(224, 138, 9, 1)",Mutated
2.0601913665363445,-6.3420000000000005,156,"(9, 92, 224, 1)",Conserved
1.5558308275811221,-4.038,157,"(9, 92, 224, 1)",Conserved
2.4483528070931033,-14.901999999999996,158,"(9, 92, 224, 1)",Conserved
1.7894499146315328,-4.966,159,"(9, 92, 224, 1)",Conserved
1.5939021321643743,-2.405,160,"(9, 92, 224, 1)",Conserved
3.4186615704165146,-12.966,161,"(9, 92, 224, 1)",Conserved
1.6585911197258287,-5.2029999999999985,162,"(9, 92, 224, 1)",Conserved
2.6713614144131084,-14.208,163,"(9, 92, 224, 1)",Conserved
2.6243209270850634,-12.046000000000001,164,"(9, 92, 224, 1)",Conserved
7.134196846200877,-11.637,165,"(9, 92, 224, 1)",Conserved
8.899500151047441,-15.408,166,"(9, 92, 224, 1)",Conserved
8.764061811547325,-18.062,167,"(9, 92, 224, 1)",Conserved
7.2160593755218425,-21.581000000000003,168,"(9, 92, 224, 1)",Conserved
5.720115822847573,-10.954999999999998,169,"(9, 92, 224, 1)",Conserved
4.238033441484163,-10.208,170,"(9, 92, 224, 1)",Conserved
2.2734724739788534,-6.428999999999999,171,"(9, 92, 224, 1)",Conserved
1.7415678206380127,-4.949000000000001,172,"(9, 92, 224, 1)",Conserved
2.126429555531001,-9.530999999999997,173,"(9, 92, 224, 1)",Conserved
1.549838097363107,-0.15099999999999997,174,"(9, 92, 224, 1)",Conserved
1.6797759335996243,-6.1339999999999995,175,"(9, 92, 224, 1)",Conserved
2.518857921973157,-7.471,176,"(9, 92, 224, 1)",Conserved
1.8806056700554994,-9.270999999999999,177,"(9, 92, 224, 1)",Conserved
2.2777896612068624,-13.105,178,"(9, 92, 224, 1)",Conserved
1.5516610761812923,-2.993,179,"(9, 92, 224, 1)",Conserved
1.7955651557064451,-2.2569999999999997,180,"(9, 92, 224, 1)",Conserved
2.807278031294498,-7.671,181,"(224, 138, 9, 1)",Mutated
5.852125898426197,-7.65,182,"(9, 92, 224, 1)",Conserved
2.3935019264059854,-7.695,183,"(9, 92, 224, 1)",Conserved
1.753148039956791,-3.423,184,"(9, 92, 224, 1)",Conserved
4.884241134493479,-14.594000000000001,185,"(9, 92, 224, 1)",Conserved
3.574756722691074,-11.734,186,"(9, 92, 224, 1)",Conserved
1.802345004811908,-5.088,187,"(9, 92, 224, 1)",Conserved
1.8392288231311107,-4.317,188,"(9, 92, 224, 1)",Conserved
4.517589988390054,-12.221,189,"(9, 92, 224, 1)",Conserved
1.7464993640476876,0.14099999999999993,190,"(9, 92, 224, 1)",Conserved
1.6672068996432063,-2.863,191,"(9, 92, 224, 1)",Conserved
2.604176330372954,-4.630999999999999,192,"(9, 92, 224, 1)",Conserved
2.308447066802416,-10.925,193,"(9, 92, 224, 1)",Conserved
3.365067071919758,-15.111,194,"(9, 92, 224, 1)",Conserved
5.665881022827982,-14.884999999999998,195,"(9, 92, 224, 1)",Conserved
5.391358270600285,-19.052,196,"(9, 92, 224, 1)",Conserved
5.9246728285145,-18.863,197,"(9, 92, 224, 1)",Conserved
3.6539323590733597,-10.185,198,"(9, 92, 224, 1)",Conserved
4.0194449746686605,-21.817,199,"(9, 92, 224, 1)",Conserved
1.888955746818424,-3.1220000000000008,200,"(9, 92, 224, 1)",Conserved
1.6496917935036457,-3.2050000000000005,201,"(9, 92, 224, 1)",Conserved
2.073044002624975,-6.358,202,"(9, 92, 224, 1)",Conserved
1.801809257461507,-5.089,203,"(9, 92, 224, 1)",Conserved
1.7788553506631455,-3.1420000000000003,204,"(9, 92, 224, 1)",Conserved
1.9947145522286378,-3.951,205,"(9, 92, 224, 1)",Conserved
2.2659740993629405,-9.426,206,"(9, 92, 224, 1)",Conserved
3.5013955229296316,-7.270999999999999,207,"(9, 92, 224, 1)",Conserved
1.917390632804691,-7.192,208,"(9, 92, 224, 1)",Conserved
1.821053297939558,-3.7530000000000006,209,"(9, 92, 224, 1)",Conserved
1.4911254121832809,-0.07499999999999996,210,"(9, 92, 224, 1)",Conserved
2.2214717491445084,-8.287,211,"(9, 92, 224, 1)",Conserved
1.4942062095564999,0.22899999999999998,212,"(9, 92, 224, 1)",Conserved
2.07965073258789,-8.861,213,"(9, 92, 224, 1)",Conserved
2.0291853488325966,-9.930000000000001,214,"(9, 92, 224, 1)",Conserved
1.5997899250736785,-4.28,215,"(9, 92, 224, 1)",Conserved
2.3381410232040323,-11.022,216,"(9, 92, 224, 1)",Conserved
5.877663077490655,-17.93,217,"(9, 92, 224, 1)",Conserved
5.408372733002602,-6.316,218,"(9, 92, 224, 1)",Conserved
2.77210480017478,-10.71,219,"(9, 92, 224, 1)",Conserved
3.3629404731936834,-12.084999999999999,220,"(9, 92, 224, 1)",Conserved
7.86412589538746,-7.622,221,"(9, 92, 224, 1)",Conserved
7.8209500121616555,-13.906,222,"(9, 92, 224, 1)",Conserved
5.753293956398624,-13.102,223,"(9, 92, 224, 1)",Conserved
6.463991829542658,-23.952,224,"(9, 92, 224, 1)",Conserved
8.0316463770121,-20.473999999999997,225,"(9, 92, 224, 1)",Conserved
4.584378952511546,-18.448999999999998,226,"(9, 92, 224, 1)",Conserved
2.2596017478486288,-13.39,227,"(9, 92, 224, 1)",Conserved
2.4672999102224207,-12.912999999999998,228,"(9, 92, 224, 1)",Conserved
4.873201906839287,-12.174000000000001,229,"(9, 92, 224, 1)",Conserved
2.0937758076144575,-9.16,230,"(9, 92, 224, 1)",Conserved
1.7137912870322989,-2.513,231,"(9, 92, 224, 1)",Conserved
2.0098474699253437,-16.223,232,"(9, 92, 224, 1)",Conserved
1.6251990429448269,-2.4509999999999996,233,"(9, 92, 224, 1)",Conserved
1.6897136470438623,-14.942,234,"(9, 92, 224, 1)",Conserved
4.220066490123568,-17.796,235,"(9, 92, 224, 1)",Conserved
1.973975445633593,-7.397,236,"(9, 92, 224, 1)",Conserved
1.6219912928793914,-2.334,237,"(9, 92, 224, 1)",Conserved
1.9865704094945347,-10.926,238,"(9, 92, 224, 1)",Conserved
4.595121205796774,-11.463000000000001,239,"(9, 92, 224, 1)",Conserved
2.146144234760997,-5.93,240,"(9, 92, 224, 1)",Conserved
1.659098116329314,-4.008,241,"(9, 92, 224, 1)",Conserved
1.6998047106968457,-5.752000000000001,242,"(9, 92, 224, 1)",Conserved
2.117383778136771,-2.971,243,"(9, 92, 224, 1)",Conserved
1.5651247038553193,-4.586,244,"(9, 92, 224, 1)",Conserved
1.6522757190135366,-4.824,245,"(9, 92, 224, 1)",Conserved
1.5203817729140174,0.32600000000000007,246,"(9, 92, 224, 1)",Conserved
1.774013553695654,-9.842,247,"(224, 138, 9, 1)",Mutated
2.452204793343028,-11.413,248,"(9, 92, 224, 1)",Conserved
1.8935712367523634,-3.8189999999999995,249,"(9, 92, 224, 1)",Conserved
1.8872082011595543,-5.134,250,"(9, 92, 224, 1)",Conserved
2.512874073861384,-11.661999999999999,251,"(9, 92, 224, 1)",Conserved
1.8855504369866312,-14.665999999999999,252,"(9, 92, 224, 1)",Conserved
2.0593454842450822,-5.0120000000000005,253,"(9, 92, 224, 1)",Conserved
1.9614113456097524,-4.764,254,"(9, 92, 224, 1)",Conserved
1.596884852393808,-3.6540000000000004,255,"(9, 92, 224, 1)",Conserved
1.861908082533075,-8.146,256,"(9, 92, 224, 1)",Conserved
